symboling,make,fuel-type,aspiration,num-of-doors,body-style,drive-wheels,engine-location,wheel-base,length,width,height,curb-weight,engine-type,num-of-cylinders,engine-size,fuel-system,bore,stroke,compression-ratio,horsepower,peak-rpm,city-mpg,highway-mpg,price,curb-weight-cat,price_normalized,Categoria_Preco,Curb_Weight_Category
3,alfa-romero,gas,std,two,convertible,rwd,front,88.6,168.8,64.1,48.8,2548,dohc,four,130,mpfi,3.47,2.68,9.0,111.0,5000.0,21,27,13495.0,medio,0.20795888982672162,Médio,médio
3,alfa-romero,gas,std,two,convertible,rwd,front,88.6,168.8,64.1,48.8,2548,dohc,four,130,mpfi,3.47,2.68,9.0,111.0,5000.0,21,27,16500.0,medio,0.2825579663373219,Médio,médio
1,alfa-romero,gas,std,two,hatchback,rwd,front,94.5,171.2,65.5,52.4,2823,ohcv,six,152,mpfi,2.68,3.47,9.0,154.0,5000.0,19,26,16500.0,medio,0.2825579663373219,Médio,médio
2,audi,gas,std,four,sedan,fwd,front,99.8,176.6,66.2,54.3,2337,ohc,four,109,mpfi,3.19,3.4,10.0,102.0,5500.0,24,30,13950.0,medio,0.21925425748473262,Médio,leve
2,audi,gas,std,four,sedan,4wd,front,99.4,176.6,66.4,54.3,2824,ohc,five,136,mpfi,3.19,3.4,8.0,115.0,5500.0,18,22,17450.0,medio,0.30614170100789434,Alto,médio
2,audi,gas,std,two,sedan,fwd,front,99.8,177.3,66.3,53.1,2507,ohc,five,136,mpfi,3.19,3.4,8.5,110.0,5500.0,19,25,15250.0,medio,0.25152673650762125,Médio,médio
1,audi,gas,std,four,sedan,fwd,front,105.8,192.7,71.4,55.7,2844,ohc,five,136,mpfi,3.19,3.4,8.5,110.0,5500.0,19,25,17710.0,medio,0.3125961968124721,Alto,médio
1,audi,gas,std,four,wagon,fwd,front,105.8,192.7,71.4,55.7,2954,ohc,five,136,mpfi,3.19,3.4,8.5,110.0,5500.0,19,25,18920.0,pesado,0.3426344272876223,Alto,médio
1,audi,gas,turbo,four,sedan,fwd,front,105.8,192.7,71.4,55.9,3086,ohc,five,131,mpfi,3.13,3.4,8.3,140.0,5500.0,17,20,23875.0,pesado,0.4656422223325555,Alto,médio
0,audi,gas,turbo,two,hatchback,4wd,front,99.5,178.2,67.9,52.0,3053,ohc,five,131,mpfi,3.13,3.4,7.0,160.0,5500.0,16,22,13207.129353233831,pesado,0.20081250566590117,Médio,médio
2,bmw,gas,std,two,sedan,rwd,front,101.2,176.8,64.8,54.3,2395,ohc,four,108,mpfi,3.5,2.8,8.8,101.0,5800.0,23,29,16430.0,medio,0.28082021746685865,Médio,médio
0,bmw,gas,std,four,sedan,rwd,front,101.2,176.8,64.8,54.3,2395,ohc,four,108,mpfi,3.5,2.8,8.8,101.0,5800.0,23,29,16925.0,medio,0.29310858447942006,Alto,médio
0,bmw,gas,std,two,sedan,rwd,front,101.2,176.8,64.8,54.3,2710,ohc,six,164,mpfi,3.31,3.19,9.0,121.0,4250.0,21,28,20970.0,medio,0.39352564420833125,Alto,médio
0,bmw,gas,std,four,sedan,rwd,front,101.2,176.8,64.8,54.3,2765,ohc,six,164,mpfi,3.31,3.19,9.0,121.0,4250.0,21,28,21105.0,medio,0.39687701702993894,Alto,médio
1,bmw,gas,std,four,sedan,rwd,front,103.5,189.0,66.9,55.7,3055,ohc,six,164,mpfi,3.31,3.19,9.0,121.0,4250.0,20,25,24565.0,pesado,0.48277146119855024,Alto,médio
0,bmw,gas,std,four,sedan,rwd,front,103.5,189.0,66.9,55.7,3230,ohc,six,209,mpfi,3.62,3.39,8.0,182.0,5400.0,16,22,30760.0,pesado,0.6365622362345464,Alto,pesado
0,bmw,gas,std,two,sedan,rwd,front,103.5,193.8,67.9,53.7,3380,ohc,six,209,mpfi,3.62,3.39,8.0,182.0,5400.0,16,22,41315.0,pesado,0.8985899409165384,Alto,pesado
0,bmw,gas,std,four,sedan,rwd,front,110.0,197.0,70.9,56.3,3505,ohc,six,209,mpfi,3.62,3.39,8.0,182.0,5400.0,15,20,36880.0,pesado,0.7884911374807606,Alto,pesado
2,chevrolet,gas,std,two,hatchback,fwd,front,88.4,141.1,60.3,53.2,1488,l,three,61,2bbl,2.91,3.03,9.5,48.0,5100.0,47,53,5151.0,leve,0.0008192244675040961,Baixo,leve
1,chevrolet,gas,std,two,hatchback,fwd,front,94.5,155.9,63.6,52.0,1874,ohc,four,90,2bbl,3.03,3.11,9.6,70.0,5400.0,38,43,6295.0,leve,0.029219006007646094,Baixo,leve
0,chevrolet,gas,std,four,sedan,fwd,front,94.5,158.8,63.6,52.0,1909,ohc,four,90,2bbl,3.03,3.11,9.6,70.0,5400.0,38,43,6575.0,leve,0.03617000148949903,Baixo,leve
1,dodge,gas,std,two,hatchback,fwd,front,93.7,157.3,63.8,50.8,1876,ohc,four,90,2bbl,2.97,3.23,9.41,68.0,5500.0,37,41,5572.0,leve,0.011270542674147262,Baixo,leve
1,dodge,gas,std,two,hatchback,fwd,front,93.7,157.3,63.8,50.8,1876,ohc,four,90,2bbl,2.97,3.23,9.4,68.0,5500.0,31,38,6377.0,leve,0.031254654684474456,Baixo,leve
1,dodge,gas,turbo,two,hatchback,fwd,front,93.7,157.3,63.8,50.8,2128,ohc,four,98,mpfi,3.03,3.39,7.6,102.0,5500.0,24,30,7957.0,leve,0.07047812918921603,Médio,leve
1,dodge,gas,std,four,hatchback,fwd,front,93.7,157.3,63.8,50.6,1967,ohc,four,90,2bbl,2.97,3.23,9.4,68.0,5500.0,31,38,6229.0,leve,0.0275805570726379,Baixo,leve
1,dodge,gas,std,four,sedan,fwd,front,93.7,157.3,63.8,50.6,1989,ohc,four,90,2bbl,2.97,3.23,9.4,68.0,5500.0,31,38,6692.0,leve,0.03907452460155901,Baixo,leve
1,dodge,gas,std,four,sedan,fwd,front,93.7,157.3,63.8,50.6,1989,ohc,four,90,2bbl,2.97,3.23,9.4,68.0,5500.0,31,38,7609.0,leve,0.06183903480462738,Baixo,leve
1,dodge,gas,turbo,four,sedan,fwd,front,93.7,157.3,63.8,50.6,2191,ohc,four,98,mpfi,3.03,3.39,7.6,102.0,5500.0,24,30,8558.0,medio,0.08539794449133609,Médio,leve
-1,dodge,gas,std,four,wagon,fwd,front,103.3,174.6,64.6,59.8,2535,ohc,four,122,2bbl,3.34,3.46,8.5,88.0,5000.0,24,30,8921.0,medio,0.09440941363388114,Médio,médio
3,dodge,gas,turbo,two,hatchback,fwd,front,95.9,173.2,66.3,50.2,2811,ohc,four,156,mfi,3.6,3.9,7.0,145.0,5000.0,19,24,12964.0,medio,0.1947768233950648,Médio,médio
2,honda,gas,std,two,hatchback,fwd,front,86.6,144.6,63.9,50.8,1713,ohc,four,92,1bbl,2.91,3.41,9.6,58.0,4800.0,49,54,6479.0,leve,0.03378680303857803,Baixo,leve
2,honda,gas,std,two,hatchback,fwd,front,86.6,144.6,63.9,50.8,1819,ohc,four,92,1bbl,2.91,3.41,9.2,76.0,6000.0,31,38,6855.0,leve,0.043120996971351966,Baixo,leve
1,honda,gas,std,two,hatchback,fwd,front,93.7,150.0,64.0,52.6,1837,ohc,four,79,1bbl,2.91,3.07,10.1,60.0,5500.0,38,42,5399.0,leve,0.006975820465716698,Baixo,leve
1,honda,gas,std,two,hatchback,fwd,front,93.7,150.0,64.0,52.6,1940,ohc,four,92,1bbl,2.91,3.41,9.2,76.0,6000.0,30,34,6529.0,leve,0.03502805223176605,Baixo,leve
1,honda,gas,std,two,hatchback,fwd,front,93.7,150.0,64.0,52.6,1956,ohc,four,92,1bbl,2.91,3.41,9.2,76.0,6000.0,30,34,7129.0,leve,0.04992304255002234,Baixo,leve
0,honda,gas,std,four,sedan,fwd,front,96.5,163.4,64.0,54.5,2010,ohc,four,92,1bbl,2.91,3.41,9.2,76.0,6000.0,30,34,7295.0,leve,0.054043989871406586,Baixo,leve
0,honda,gas,std,four,wagon,fwd,front,96.5,157.1,63.9,58.3,2024,ohc,four,92,1bbl,2.92,3.41,9.2,76.0,6000.0,30,34,7295.0,leve,0.054043989871406586,Baixo,leve
0,honda,gas,std,two,hatchback,fwd,front,96.5,167.5,65.2,53.3,2236,ohc,four,110,1bbl,3.15,3.58,9.0,86.0,5800.0,27,33,7895.0,medio,0.06893898018966288,Médio,leve
0,honda,gas,std,two,hatchback,fwd,front,96.5,167.5,65.2,53.3,2289,ohc,four,110,1bbl,3.15,3.58,9.0,86.0,5800.0,27,33,9095.0,medio,0.09872896082617547,Médio,leve
0,honda,gas,std,four,sedan,fwd,front,96.5,175.4,65.2,54.1,2304,ohc,four,110,1bbl,3.15,3.58,9.0,86.0,5800.0,27,33,8845.0,medio,0.09252271486023535,Médio,leve
0,honda,gas,std,four,sedan,fwd,front,96.5,175.4,62.5,54.1,2372,ohc,four,110,1bbl,3.15,3.58,9.0,86.0,5800.0,27,33,10295.0,medio,0.12851894146268805,Médio,médio
0,honda,gas,std,four,sedan,fwd,front,96.5,175.4,65.2,54.1,2465,ohc,four,110,mpfi,3.15,3.58,9.0,101.0,5800.0,24,28,12945.0,medio,0.19430514870165336,Médio,médio
1,honda,gas,std,two,sedan,fwd,front,96.5,169.1,66.0,51.0,2293,ohc,four,110,2bbl,3.15,3.58,9.1,100.0,5500.0,25,31,10345.0,medio,0.12976019065587607,Médio,leve
0,isuzu,gas,std,four,sedan,rwd,front,94.3,170.7,61.8,53.5,2337,ohc,four,111,2bbl,3.31,3.23,8.5,78.0,4800.0,24,29,6785.0,medio,0.04138324810088873,Baixo,leve
1,isuzu,gas,std,two,sedan,fwd,front,94.5,155.9,63.6,52.0,1874,ohc,four,90,2bbl,3.03,3.11,9.6,70.0,5400.0,38,43,13207.129353233831,leve,0.20081250566590117,Médio,leve
0,isuzu,gas,std,four,sedan,fwd,front,94.5,155.9,63.6,52.0,1909,ohc,four,90,2bbl,3.03,3.11,9.6,70.0,5400.0,38,43,13207.129353233831,leve,0.20081250566590117,Médio,leve
2,isuzu,gas,std,two,hatchback,rwd,front,96.0,172.6,65.2,51.4,2734,ohc,four,119,spfi,3.43,3.23,9.2,90.0,5000.0,24,29,11048.0,medio,0.1472121543120997,Médio,médio
0,jaguar,gas,std,four,sedan,rwd,front,113.0,199.6,69.6,52.8,4066,dohc,six,258,mpfi,3.63,4.17,8.1,176.0,4750.0,15,19,32250.0,pesado,0.6735514621915496,Alto,pesado
0,jaguar,gas,std,four,sedan,rwd,front,113.0,199.6,69.6,52.8,4066,dohc,six,258,mpfi,3.63,4.17,8.1,176.0,4750.0,15,19,35550.0,pesado,0.7554739089419592,Alto,pesado
0,jaguar,gas,std,two,sedan,rwd,front,102.0,191.7,70.6,47.8,3950,ohcv,twelve,326,mpfi,3.54,2.76,11.5,262.0,5000.0,13,17,36000.0,pesado,0.7666451516806514,Alto,pesado
1,mazda,gas,std,two,hatchback,fwd,front,93.1,159.1,64.2,54.1,1890,ohc,four,91,2bbl,3.03,3.15,9.0,68.0,5000.0,30,31,5195.0,leve,0.0019115237575095577,Baixo,leve
1,mazda,gas,std,two,hatchback,fwd,front,93.1,159.1,64.2,54.1,1900,ohc,four,91,2bbl,3.03,3.15,9.0,68.0,5000.0,31,38,6095.0,leve,0.024254009234893997,Baixo,leve
1,mazda,gas,std,two,hatchback,fwd,front,93.1,159.1,64.2,54.1,1905,ohc,four,91,2bbl,3.03,3.15,9.0,68.0,5000.0,31,38,6795.0,leve,0.04163149793952634,Baixo,leve
1,mazda,gas,std,four,sedan,fwd,front,93.1,166.8,64.2,54.1,1945,ohc,four,91,2bbl,3.03,3.15,9.0,68.0,5000.0,31,38,6695.0,leve,0.03914899955315029,Baixo,leve
1,mazda,gas,std,four,sedan,fwd,front,93.1,166.8,64.2,54.1,1950,ohc,four,91,2bbl,3.08,3.15,9.0,68.0,5000.0,31,38,7395.0,leve,0.056526488257782635,Baixo,leve
3,mazda,gas,std,two,hatchback,rwd,front,95.3,169.0,65.7,49.6,2380,rotor,two,70,4bbl,3.3297512437810943,3.255422885572139,9.4,101.0,6000.0,17,23,10945.0,medio,0.14465518097413238,Médio,médio
3,mazda,gas,std,two,hatchback,rwd,front,95.3,169.0,65.7,49.6,2380,rotor,two,70,4bbl,3.3297512437810943,3.255422885572139,9.4,101.0,6000.0,17,23,11845.0,medio,0.1669976664515168,Médio,médio
3,mazda,gas,std,two,hatchback,rwd,front,95.3,169.0,65.7,49.6,2385,rotor,two,70,4bbl,3.3297512437810943,3.255422885572139,9.4,101.0,6000.0,17,23,13645.0,medio,0.21168263740628568,Médio,médio
3,mazda,gas,std,two,hatchback,rwd,front,95.3,169.0,65.7,49.6,2500,rotor,two,80,mpfi,3.3297512437810943,3.255422885572139,9.4,135.0,6000.0,16,23,15645.0,medio,0.2613326051338067,Médio,médio
1,mazda,gas,std,two,hatchback,fwd,front,98.8,177.8,66.5,53.7,2385,ohc,four,122,2bbl,3.39,3.39,8.6,84.0,4800.0,26,32,8845.0,medio,0.09252271486023535,Médio,médio
0,mazda,gas,std,four,sedan,fwd,front,98.8,177.8,66.5,55.5,2410,ohc,four,122,2bbl,3.39,3.39,8.6,84.0,4800.0,26,32,8495.0,medio,0.08383397050791917,Médio,médio
1,mazda,gas,std,two,hatchback,fwd,front,98.8,177.8,66.5,53.7,2385,ohc,four,122,2bbl,3.39,3.39,8.6,84.0,4800.0,26,32,10595.0,medio,0.1359664366218162,Médio,médio
0,mazda,gas,std,four,sedan,fwd,front,98.8,177.8,66.5,55.5,2410,ohc,four,122,2bbl,3.39,3.39,8.6,84.0,4800.0,26,32,10245.0,medio,0.12727769226950003,Médio,médio
0,mazda,diesel,std,four,sedan,fwd,front,98.8,177.8,66.5,55.5,2443,ohc,four,122,idi,3.39,3.39,22.7,64.0,4650.0,36,42,10795.0,medio,0.1409314333945683,Médio,médio
0,mazda,gas,std,four,hatchback,fwd,front,98.8,177.8,66.5,55.5,2425,ohc,four,122,2bbl,3.39,3.39,8.6,84.0,4800.0,26,32,11245.0,medio,0.1521026761332605,Médio,médio
0,mazda,gas,std,four,sedan,rwd,front,104.9,175.0,66.1,54.4,2670,ohc,four,140,mpfi,3.76,3.16,8.0,120.0,5000.0,19,27,18280.0,medio,0.32674643761481553,Alto,médio
0,mazda,diesel,std,four,sedan,rwd,front,104.9,175.0,66.1,54.4,2700,ohc,four,134,idi,3.43,3.64,22.0,72.0,4200.0,31,39,18344.0,medio,0.32833523658209623,Alto,médio
-1,mercedes-benz,diesel,turbo,four,sedan,rwd,front,110.0,190.9,70.3,56.5,3515,ohc,five,183,idi,3.58,3.64,21.5,123.0,4350.0,22,25,25552.0,pesado,0.5072737202720818,Alto,pesado
-1,mercedes-benz,diesel,turbo,four,wagon,rwd,front,110.0,190.9,70.3,58.7,3750,ohc,five,183,idi,3.58,3.64,21.5,123.0,4350.0,22,25,28248.0,pesado,0.5742018767687801,Alto,pesado
0,mercedes-benz,diesel,turbo,two,hardtop,rwd,front,106.7,187.5,70.3,54.9,3495,ohc,five,183,idi,3.58,3.64,21.5,123.0,4350.0,22,25,28176.0,pesado,0.5724144779305893,Alto,pesado
-1,mercedes-benz,diesel,turbo,four,sedan,rwd,front,115.6,202.6,71.7,56.3,3770,ohc,five,183,idi,3.58,3.64,21.5,123.0,4350.0,22,25,31600.0,pesado,0.6574152226801052,Alto,pesado
-1,mercedes-benz,gas,std,four,sedan,rwd,front,115.6,202.6,71.7,56.5,3740,ohcv,eight,234,mpfi,3.46,3.1,8.3,155.0,4750.0,16,18,34184.0,pesado,0.7215629809840624,Alto,pesado
3,mercedes-benz,gas,std,two,convertible,rwd,front,96.6,180.3,70.5,50.8,3685,ohcv,eight,234,mpfi,3.46,3.1,8.3,155.0,4750.0,16,18,35056.0,pesado,0.7432103669132615,Alto,pesado
0,mercedes-benz,gas,std,four,sedan,rwd,front,120.9,208.1,71.7,56.7,3900,ohcv,eight,308,mpfi,3.8,3.35,8.0,184.0,4500.0,14,16,40960.0,pesado,0.8897770716449034,Alto,pesado
1,mercedes-benz,gas,std,two,hardtop,rwd,front,112.0,199.2,72.0,55.4,3715,ohcv,eight,304,mpfi,3.8,3.35,8.0,184.0,4500.0,14,16,45400.0,pesado,1.0,Alto,pesado
1,mercury,gas,turbo,two,hatchback,rwd,front,102.7,178.4,68.0,54.8,2910,ohc,four,140,mpfi,3.78,3.12,8.0,175.0,5000.0,19,24,16503.0,medio,0.2826324412889132,Alto,médio
2,mitsubishi,gas,std,two,hatchback,fwd,front,93.7,157.3,64.4,50.8,1918,ohc,four,92,2bbl,2.97,3.23,9.4,68.0,5500.0,37,41,5389.0,leve,0.006727570627079092,Baixo,leve
2,mitsubishi,gas,std,two,hatchback,fwd,front,93.7,157.3,64.4,50.8,1944,ohc,four,92,2bbl,2.97,3.23,9.4,68.0,5500.0,31,38,6189.0,leve,0.026587557718087483,Baixo,leve
2,mitsubishi,gas,std,two,hatchback,fwd,front,93.7,157.3,64.4,50.8,2004,ohc,four,92,2bbl,2.97,3.23,9.4,68.0,5500.0,31,38,6669.0,leve,0.038503549972692515,Baixo,leve
1,mitsubishi,gas,turbo,two,hatchback,fwd,front,93.0,157.3,63.8,50.8,2145,ohc,four,98,spdi,3.03,3.39,7.6,102.0,5500.0,24,30,7689.0,leve,0.06382503351372822,Baixo,leve
3,mitsubishi,gas,turbo,two,hatchback,fwd,front,96.3,173.0,65.4,49.4,2370,ohc,four,110,spdi,3.17,3.46,7.5,116.0,5500.0,23,30,9959.0,medio,0.12017774688446453,Médio,médio
3,mitsubishi,gas,std,two,hatchback,fwd,front,96.3,173.0,65.4,49.4,2328,ohc,four,122,2bbl,3.35,3.46,8.5,88.0,5000.0,25,32,8499.0,medio,0.08393327044337422,Médio,leve
3,mitsubishi,gas,turbo,two,hatchback,fwd,front,95.9,173.2,66.3,50.2,2833,ohc,four,156,spdi,3.58,3.86,7.0,145.0,5000.0,19,24,12629.0,medio,0.18646045380070503,Médio,médio
3,mitsubishi,gas,turbo,two,hatchback,fwd,front,95.9,173.2,66.3,50.2,2921,ohc,four,156,spdi,3.59,3.86,7.0,145.0,5000.0,19,24,14869.0,medio,0.24206841765552853,Médio,médio
3,mitsubishi,gas,turbo,two,hatchback,fwd,front,95.9,173.2,66.3,50.2,2926,ohc,four,156,spdi,3.59,3.86,7.0,145.0,5000.0,19,24,14489.0,medio,0.23263492378729952,Médio,médio
1,mitsubishi,gas,std,four,sedan,fwd,front,96.3,172.4,65.4,51.6,2365,ohc,four,122,2bbl,3.35,3.46,8.5,88.0,5000.0,25,32,6989.0,medio,0.046447544809095874,Baixo,médio
1,mitsubishi,gas,std,four,sedan,fwd,front,96.3,172.4,65.4,51.6,2405,ohc,four,122,2bbl,3.35,3.46,8.5,88.0,5000.0,25,32,8189.0,medio,0.07623752544560847,Médio,médio
1,mitsubishi,gas,turbo,four,sedan,fwd,front,96.3,172.4,65.4,51.6,2403,ohc,four,110,spdi,3.17,3.46,7.5,116.0,5500.0,23,30,9279.0,medio,0.10329675785710739,Médio,médio
-1,mitsubishi,gas,std,four,sedan,fwd,front,96.3,172.4,65.4,51.6,2403,ohc,four,110,spdi,3.17,3.46,7.5,116.0,5500.0,23,30,9279.0,medio,0.10329675785710739,Médio,médio
1,nissan,gas,std,two,sedan,fwd,front,94.5,165.3,63.8,54.5,1889,ohc,four,97,2bbl,3.15,3.29,9.4,69.0,5200.0,31,37,5499.0,leve,0.009458318852092746,Baixo,leve
1,nissan,diesel,std,two,sedan,fwd,front,94.5,165.3,63.8,54.5,2017,ohc,four,103,idi,2.99,3.47,21.9,55.0,4800.0,45,50,7099.0,leve,0.049178293034109526,Baixo,leve
1,nissan,gas,std,two,sedan,fwd,front,94.5,165.3,63.8,54.5,1918,ohc,four,97,2bbl,3.15,3.29,9.4,69.0,5200.0,31,37,6649.0,leve,0.03800705029541731,Baixo,leve
1,nissan,gas,std,four,sedan,fwd,front,94.5,165.3,63.8,54.5,1938,ohc,four,97,2bbl,3.15,3.29,9.4,69.0,5200.0,31,37,6849.0,leve,0.04297204706816941,Baixo,leve
1,nissan,gas,std,four,wagon,fwd,front,94.5,170.2,63.8,53.5,2024,ohc,four,97,2bbl,3.15,3.29,9.4,69.0,5200.0,31,37,7349.0,leve,0.05538453900004965,Baixo,leve
1,nissan,gas,std,two,sedan,fwd,front,94.5,165.3,63.8,54.5,1951,ohc,four,97,2bbl,3.15,3.29,9.4,69.0,5200.0,31,37,7299.0,leve,0.05414328980686162,Baixo,leve
1,nissan,gas,std,two,hatchback,fwd,front,94.5,165.6,63.8,53.3,2028,ohc,four,97,2bbl,3.15,3.29,9.4,69.0,5200.0,31,37,7799.0,leve,0.06655578173874187,Médio,leve
1,nissan,gas,std,four,sedan,fwd,front,94.5,165.3,63.8,54.5,1971,ohc,four,97,2bbl,3.15,3.29,9.4,69.0,5200.0,31,37,7499.0,leve,0.05910828657961372,Baixo,leve
1,nissan,gas,std,four,wagon,fwd,front,94.5,170.2,63.8,53.5,2037,ohc,four,97,2bbl,3.15,3.29,9.4,69.0,5200.0,31,37,7999.0,leve,0.07152077851149397,Médio,leve
2,nissan,gas,std,two,hardtop,fwd,front,95.1,162.4,63.8,53.3,2008,ohc,four,97,2bbl,3.15,3.29,9.4,69.0,5200.0,31,37,8249.0,leve,0.07772702447743408,Médio,leve
0,nissan,gas,std,four,hatchback,fwd,front,97.2,173.4,65.2,54.7,2324,ohc,four,120,2bbl,3.33,3.47,8.5,97.0,5200.0,27,34,8949.0,medio,0.09510451318206643,Médio,leve
0,nissan,gas,std,four,sedan,fwd,front,97.2,173.4,65.2,54.7,2302,ohc,four,120,2bbl,3.33,3.47,8.5,97.0,5200.0,27,34,9549.0,medio,0.10999950350032273,Médio,leve
0,nissan,gas,std,four,sedan,fwd,front,100.4,181.7,66.5,55.1,3095,ohcv,six,181,mpfi,3.43,3.27,9.0,152.0,5200.0,17,22,13499.0,pesado,0.20805818976217666,Médio,médio
0,nissan,gas,std,four,wagon,fwd,front,100.4,184.6,66.5,56.1,3296,ohcv,six,181,mpfi,3.43,3.27,9.0,152.0,5200.0,17,22,14399.0,pesado,0.2304006752395611,Médio,pesado
0,nissan,gas,std,four,sedan,fwd,front,100.4,184.6,66.5,55.1,3060,ohcv,six,181,mpfi,3.43,3.27,9.0,152.0,5200.0,19,25,13499.0,pesado,0.20805818976217666,Médio,médio
3,nissan,gas,std,two,hatchback,rwd,front,91.3,170.7,67.9,49.7,3071,ohcv,six,181,mpfi,3.43,3.27,9.0,160.0,5200.0,19,25,17199.0,pesado,0.2999106300580905,Alto,médio
3,nissan,gas,turbo,two,hatchback,rwd,front,91.3,170.7,67.9,49.7,3139,ohcv,six,181,mpfi,3.43,3.27,7.8,200.0,5200.0,17,23,19699.0,pesado,0.3619730897174917,Alto,médio
1,nissan,gas,std,two,hatchback,rwd,front,99.2,178.5,67.9,49.7,3139,ohcv,six,181,mpfi,3.43,3.27,9.0,160.0,5200.0,19,25,18399.0,pesado,0.32970061069460305,Alto,médio
0,peugot,gas,std,four,sedan,rwd,front,107.9,186.7,68.4,56.7,3020,l,four,120,mpfi,3.46,3.19,8.4,97.0,5000.0,19,24,11900.0,pesado,0.16836304056402362,Médio,médio
0,peugot,diesel,turbo,four,sedan,rwd,front,107.9,186.7,68.4,56.7,3197,l,four,152,idi,3.7,3.52,21.0,95.0,4150.0,28,33,13200.0,pesado,0.20063551958691228,Médio,médio
0,peugot,gas,std,four,wagon,rwd,front,114.2,198.9,68.4,58.7,3230,l,four,120,mpfi,3.46,3.19,8.4,97.0,5000.0,19,24,12440.0,pesado,0.1817685318504543,Médio,pesado
0,peugot,diesel,turbo,four,wagon,rwd,front,114.2,198.9,68.4,58.7,3430,l,four,152,idi,3.7,3.52,21.0,95.0,4150.0,25,25,13860.0,pesado,0.2170200089369942,Médio,pesado
0,peugot,gas,std,four,sedan,rwd,front,107.9,186.7,68.4,56.7,3075,l,four,120,mpfi,3.46,2.19,8.4,95.0,5000.0,19,24,15580.0,pesado,0.25971898118266223,Médio,médio
0,peugot,diesel,turbo,four,sedan,rwd,front,107.9,186.7,68.4,56.7,3252,l,four,152,idi,3.7,3.52,21.0,95.0,4150.0,28,33,16900.0,pesado,0.29248795988282605,Alto,pesado
0,peugot,gas,std,four,wagon,rwd,front,114.2,198.9,68.4,56.7,3285,l,four,120,mpfi,3.46,2.19,8.4,95.0,5000.0,19,24,16695.0,pesado,0.2873988381907552,Alto,pesado
0,peugot,diesel,turbo,four,wagon,rwd,front,114.2,198.9,68.4,58.7,3485,l,four,152,idi,3.7,3.52,21.0,95.0,4150.0,25,25,17075.0,pesado,0.2968323320589842,Alto,pesado
0,peugot,gas,std,four,sedan,rwd,front,107.9,186.7,68.4,56.7,3075,l,four,120,mpfi,3.46,3.19,8.4,97.0,5000.0,19,24,16630.0,pesado,0.28578521423961073,Alto,médio
0,peugot,diesel,turbo,four,sedan,rwd,front,107.9,186.7,68.4,56.7,3252,l,four,152,idi,3.7,3.52,21.0,95.0,4150.0,28,33,17950.0,pesado,0.3185541929397746,Alto,pesado
0,peugot,gas,turbo,four,sedan,rwd,front,108.0,186.7,68.3,56.0,3130,l,four,134,mpfi,3.61,3.21,7.0,142.0,5600.0,18,24,18150.0,pesado,0.3235191897125267,Alto,médio
1,plymouth,gas,std,two,hatchback,fwd,front,93.7,157.3,63.8,50.8,1918,ohc,four,90,2bbl,2.97,3.23,9.4,68.0,5500.0,37,41,5572.0,leve,0.011270542674147262,Baixo,leve
1,plymouth,gas,turbo,two,hatchback,fwd,front,93.7,157.3,63.8,50.8,2128,ohc,four,98,spdi,3.03,3.39,7.6,102.0,5500.0,24,30,7957.0,leve,0.07047812918921603,Médio,leve
1,plymouth,gas,std,four,hatchback,fwd,front,93.7,157.3,63.8,50.6,1967,ohc,four,90,2bbl,2.97,3.23,9.4,68.0,5500.0,31,38,6229.0,leve,0.0275805570726379,Baixo,leve
1,plymouth,gas,std,four,sedan,fwd,front,93.7,167.3,63.8,50.8,1989,ohc,four,90,2bbl,2.97,3.23,9.4,68.0,5500.0,31,38,6692.0,leve,0.03907452460155901,Baixo,leve
1,plymouth,gas,std,four,sedan,fwd,front,93.7,167.3,63.8,50.8,2191,ohc,four,98,2bbl,2.97,3.23,9.4,68.0,5500.0,31,38,7609.0,medio,0.06183903480462738,Baixo,leve
-1,plymouth,gas,std,four,wagon,fwd,front,103.3,174.6,64.6,59.8,2535,ohc,four,122,2bbl,3.35,3.46,8.5,88.0,5000.0,24,30,8921.0,medio,0.09440941363388114,Médio,médio
3,plymouth,gas,turbo,two,hatchback,rwd,front,95.9,173.2,66.3,50.2,2818,ohc,four,156,spdi,3.59,3.86,7.0,145.0,5000.0,19,24,12764.0,medio,0.1898118266223127,Médio,médio
3,porsche,gas,std,two,hatchback,rwd,front,94.5,168.9,68.3,50.2,2778,ohc,four,151,mpfi,3.94,3.11,9.5,143.0,5500.0,19,27,22018.0,medio,0.41954222729755225,Alto,médio
3,porsche,gas,std,two,hardtop,rwd,rear,89.5,168.9,65.0,51.6,2756,ohcf,six,194,mpfi,3.74,2.9,9.5,207.0,5900.0,17,25,32528.0,medio,0.680452807705675,Alto,médio
3,porsche,gas,std,two,hardtop,rwd,rear,89.5,168.9,65.0,51.6,2756,ohcf,six,194,mpfi,3.74,2.9,9.5,207.0,5900.0,17,25,34028.0,medio,0.7176902835013157,Alto,médio
3,porsche,gas,std,two,convertible,rwd,rear,89.5,168.9,65.0,51.6,2800,ohcf,six,194,mpfi,3.74,2.9,9.5,207.0,5900.0,17,25,37028.0,medio,0.7921652350925972,Alto,médio
1,porsche,gas,std,two,hatchback,rwd,front,98.4,175.7,72.3,50.5,3366,dohcv,eight,203,mpfi,3.94,3.11,10.0,288.0,5750.0,17,28,13207.129353233831,pesado,0.20081250566590117,Médio,pesado
0,renault,gas,std,four,wagon,fwd,front,96.1,181.5,66.5,55.2,2579,ohc,four,132,mpfi,3.46,3.9,8.7,104.256157635468,5200.0,23,31,9295.0,medio,0.10369395759892756,Médio,médio
2,renault,gas,std,two,hatchback,fwd,front,96.1,176.8,66.6,50.5,2460,ohc,four,132,mpfi,3.46,3.9,8.7,104.256157635468,5200.0,23,31,9895.0,medio,0.11858894791718386,Médio,médio
3,saab,gas,std,two,hatchback,fwd,front,99.1,186.6,66.5,56.1,2658,ohc,four,121,mpfi,3.54,3.07,9.31,110.0,5250.0,21,28,11850.0,medio,0.1671217913708356,Médio,médio
2,saab,gas,std,four,sedan,fwd,front,99.1,186.6,66.5,56.1,2695,ohc,four,121,mpfi,3.54,3.07,9.3,110.0,5250.0,21,28,12170.0,medio,0.17506578620723898,Médio,médio
3,saab,gas,std,two,hatchback,fwd,front,99.1,186.6,66.5,56.1,2707,ohc,four,121,mpfi,2.54,2.07,9.3,110.0,5250.0,21,28,15040.0,medio,0.24631348989623156,Médio,médio
2,saab,gas,std,four,sedan,fwd,front,99.1,186.6,66.5,56.1,2758,ohc,four,121,mpfi,3.54,3.07,9.3,110.0,5250.0,21,28,15510.0,medio,0.257981232312199,Médio,médio
3,saab,gas,turbo,two,hatchback,fwd,front,99.1,186.6,66.5,56.1,2808,dohc,four,121,mpfi,3.54,3.07,9.0,160.0,5500.0,19,26,18150.0,medio,0.3235191897125267,Alto,médio
2,saab,gas,turbo,four,sedan,fwd,front,99.1,186.6,66.5,56.1,2847,dohc,four,121,mpfi,3.54,3.07,9.0,160.0,5500.0,19,26,18620.0,medio,0.3351869321284941,Alto,médio
2,subaru,gas,std,two,hatchback,fwd,front,93.7,156.9,63.4,53.7,2050,ohcf,four,97,2bbl,3.62,2.36,9.0,69.0,4900.0,31,36,5118.0,leve,0.0,Baixo,leve
2,subaru,gas,std,two,hatchback,fwd,front,93.7,157.9,63.6,53.7,2120,ohcf,four,108,2bbl,3.62,2.64,8.7,73.0,4400.0,26,31,7053.0,leve,0.04803634377637655,Baixo,leve
2,subaru,gas,std,two,hatchback,4wd,front,93.3,157.3,63.8,55.7,2240,ohcf,four,108,2bbl,3.62,2.64,8.7,73.0,4400.0,26,31,7603.0,medio,0.061690084901444814,Baixo,leve
0,subaru,gas,std,four,sedan,fwd,front,97.2,172.0,65.4,52.5,2145,ohcf,four,108,2bbl,3.62,2.64,9.5,82.0,4800.0,32,37,7126.0,leve,0.04984856759843106,Baixo,leve
0,subaru,gas,std,four,sedan,fwd,front,97.2,172.0,65.4,52.5,2190,ohcf,four,108,2bbl,3.62,2.64,9.5,82.0,4400.0,28,33,7775.0,medio,0.06595998212601162,Baixo,leve
0,subaru,gas,std,four,sedan,fwd,front,97.2,172.0,65.4,52.5,2340,ohcf,four,108,mpfi,3.62,2.64,9.0,94.0,5200.0,26,32,9960.0,medio,0.12020257186832829,Médio,leve
0,subaru,gas,std,four,sedan,4wd,front,97.0,172.0,65.4,54.3,2385,ohcf,four,108,2bbl,3.62,2.64,9.0,82.0,4800.0,24,25,9233.0,medio,0.10215480859937441,Médio,médio
0,subaru,gas,turbo,four,sedan,4wd,front,97.0,172.0,65.4,54.3,2510,ohcf,four,108,mpfi,3.62,2.64,7.7,111.0,4800.0,24,29,11259.0,medio,0.15245022590735316,Médio,médio
0,subaru,gas,std,four,wagon,fwd,front,97.0,173.5,65.4,53.0,2290,ohcf,four,108,2bbl,3.62,2.64,9.0,82.0,4800.0,28,32,7463.0,medio,0.05821458716051835,Baixo,leve
0,subaru,gas,std,four,wagon,fwd,front,97.0,173.5,65.4,53.0,2455,ohcf,four,108,mpfi,3.62,2.64,9.0,94.0,5200.0,25,31,10198.0,medio,0.12611091802790328,Médio,médio
0,subaru,gas,std,four,wagon,4wd,front,96.9,173.6,65.4,54.9,2420,ohcf,four,108,2bbl,3.62,2.64,9.0,82.0,4800.0,23,29,8013.0,medio,0.07186832828558662,Médio,médio
0,subaru,gas,turbo,four,wagon,4wd,front,96.9,173.6,65.4,54.9,2650,ohcf,four,108,mpfi,3.62,2.64,7.7,111.0,4800.0,23,23,11694.0,medio,0.16324909388808898,Médio,médio
1,toyota,gas,std,two,hatchback,fwd,front,95.7,158.7,63.6,54.5,1985,ohc,four,92,2bbl,3.05,3.03,9.0,62.0,4800.0,35,39,5348.0,leve,0.005709746288664912,Baixo,leve
1,toyota,gas,std,two,hatchback,fwd,front,95.7,158.7,63.6,54.5,2040,ohc,four,92,2bbl,3.05,3.03,9.0,62.0,4800.0,31,38,6338.0,leve,0.030286480313787795,Baixo,leve
1,toyota,gas,std,four,hatchback,fwd,front,95.7,158.7,63.6,54.5,2015,ohc,four,92,2bbl,3.05,3.03,9.0,62.0,4800.0,31,38,6488.0,leve,0.03401022789335187,Baixo,leve
0,toyota,gas,std,four,wagon,fwd,front,95.7,169.7,63.6,59.1,2280,ohc,four,92,2bbl,3.05,3.03,9.0,62.0,4800.0,31,37,6918.0,medio,0.04468497095476888,Baixo,leve
0,toyota,gas,std,four,wagon,4wd,front,95.7,169.7,63.6,59.1,2290,ohc,four,92,2bbl,3.05,3.03,9.0,62.0,4800.0,27,32,7898.0,medio,0.06901345514125416,Médio,leve
0,toyota,gas,std,four,wagon,4wd,front,95.7,169.7,63.6,59.1,3110,ohc,four,92,2bbl,3.05,3.03,9.0,62.0,4800.0,27,32,8778.0,pesado,0.09085944094136339,Médio,médio
0,toyota,gas,std,four,sedan,fwd,front,95.7,166.3,64.4,53.0,2081,ohc,four,98,2bbl,3.19,3.03,9.0,70.0,4800.0,30,37,6938.0,leve,0.04518147063204409,Baixo,leve
0,toyota,gas,std,four,hatchback,fwd,front,95.7,166.3,64.4,52.8,2109,ohc,four,98,2bbl,3.19,3.03,9.0,70.0,4800.0,30,37,7198.0,leve,0.051635966436621814,Baixo,leve
0,toyota,diesel,std,four,sedan,fwd,front,95.7,166.3,64.4,53.0,2275,ohc,four,110,idi,3.27,3.35,22.5,56.0,4500.0,34,36,7898.0,medio,0.06901345514125416,Médio,leve
0,toyota,diesel,std,four,hatchback,fwd,front,95.7,166.3,64.4,52.8,2275,ohc,four,110,idi,3.27,3.35,22.5,56.0,4500.0,38,47,7788.0,medio,0.06628270691624051,Baixo,leve
0,toyota,gas,std,four,sedan,fwd,front,95.7,166.3,64.4,53.0,2094,ohc,four,98,2bbl,3.19,3.03,9.0,70.0,4800.0,38,47,7738.0,leve,0.06504145772305248,Baixo,leve
0,toyota,gas,std,four,hatchback,fwd,front,95.7,166.3,64.4,52.8,2122,ohc,four,98,2bbl,3.19,3.03,9.0,70.0,4800.0,28,34,8358.0,leve,0.08043294771858399,Médio,leve
0,toyota,gas,std,four,sedan,fwd,front,95.7,166.3,64.4,52.8,2140,ohc,four,98,2bbl,3.19,3.03,9.0,70.0,4800.0,28,34,9258.0,leve,0.10277543319596842,Médio,leve
1,toyota,gas,std,two,sedan,rwd,front,94.5,168.7,64.0,52.6,2169,ohc,four,98,2bbl,3.19,3.03,9.0,70.0,4800.0,29,34,8058.0,medio,0.07298545255945584,Médio,leve
1,toyota,gas,std,two,hatchback,rwd,front,94.5,168.7,64.0,52.6,2204,ohc,four,98,2bbl,3.19,3.03,9.0,70.0,4800.0,29,34,8238.0,medio,0.07745394965493273,Médio,leve
1,toyota,gas,std,two,sedan,rwd,front,94.5,168.7,64.0,52.6,2265,dohc,four,98,mpfi,3.24,3.08,9.4,112.0,6600.0,26,29,9298.0,medio,0.10376843255051885,Médio,leve
1,toyota,gas,std,two,hatchback,rwd,front,94.5,168.7,64.0,52.6,2300,dohc,four,98,mpfi,3.24,3.08,9.4,112.0,6600.0,26,29,9538.0,medio,0.10972642867782136,Médio,leve
2,toyota,gas,std,two,hardtop,rwd,front,98.4,176.2,65.6,52.0,2540,ohc,four,146,mpfi,3.62,3.5,9.3,116.0,4800.0,24,30,8449.0,medio,0.08269202125018618,Médio,médio
2,toyota,gas,std,two,hardtop,rwd,front,98.4,176.2,65.6,52.0,2536,ohc,four,146,mpfi,3.62,3.5,9.3,116.0,4800.0,24,30,9639.0,medio,0.11223375204806117,Médio,médio
2,toyota,gas,std,two,hatchback,rwd,front,98.4,176.2,65.6,52.0,2551,ohc,four,146,mpfi,3.62,3.5,9.3,116.0,4800.0,24,30,9989.0,medio,0.12092249640037733,Médio,médio
2,toyota,gas,std,two,hardtop,rwd,front,98.4,176.2,65.6,52.0,2679,ohc,four,146,mpfi,3.62,3.5,9.3,116.0,4800.0,24,30,11199.0,medio,0.15096072687552753,Médio,médio
2,toyota,gas,std,two,hatchback,rwd,front,98.4,176.2,65.6,52.0,2714,ohc,four,146,mpfi,3.62,3.5,9.3,116.0,4800.0,24,30,11549.0,medio,0.1596494712278437,Médio,médio
2,toyota,gas,std,two,convertible,rwd,front,98.4,176.2,65.6,53.0,2975,ohc,four,146,mpfi,3.62,3.5,9.3,116.0,4800.0,24,30,17669.0,pesado,0.3115783724740579,Alto,médio
-1,toyota,gas,std,four,sedan,fwd,front,102.4,175.6,66.5,54.9,2326,ohc,four,122,mpfi,3.31,3.54,8.7,92.0,4200.0,29,34,8948.0,medio,0.09507968819820267,Médio,leve
-1,toyota,diesel,turbo,four,sedan,fwd,front,102.4,175.6,66.5,54.9,2480,ohc,four,110,idi,3.27,3.35,22.5,73.0,4500.0,30,33,10698.0,medio,0.13852340995978352,Médio,médio
-1,toyota,gas,std,four,hatchback,fwd,front,102.4,175.6,66.5,53.9,2414,ohc,four,122,mpfi,3.31,3.54,8.7,92.0,4200.0,27,32,9988.0,medio,0.12089767141651359,Médio,médio
-1,toyota,gas,std,four,sedan,fwd,front,102.4,175.6,66.5,54.9,2414,ohc,four,122,mpfi,3.31,3.54,8.7,92.0,4200.0,27,32,10898.0,medio,0.14348840673253563,Médio,médio
-1,toyota,gas,std,four,hatchback,fwd,front,102.4,175.6,66.5,53.9,2458,ohc,four,122,mpfi,3.31,3.54,8.7,92.0,4200.0,27,32,11248.0,medio,0.1521771510848518,Médio,médio
3,toyota,gas,std,two,hatchback,rwd,front,102.9,183.5,67.7,52.0,2976,dohc,six,171,mpfi,3.27,3.35,9.3,161.0,5200.0,20,24,16558.0,pesado,0.28399781540142,Alto,médio
3,toyota,gas,std,two,hatchback,rwd,front,102.9,183.5,67.7,52.0,3016,dohc,six,171,mpfi,3.27,3.35,9.3,161.0,5200.0,19,24,15998.0,pesado,0.2700958244377141,Médio,médio
-1,toyota,gas,std,four,sedan,rwd,front,104.5,187.8,66.5,54.1,3131,dohc,six,171,mpfi,3.27,3.35,9.2,156.0,5200.0,20,24,15690.0,pesado,0.26244972940767586,Médio,médio
-1,toyota,gas,std,four,wagon,rwd,front,104.5,187.8,66.5,54.1,3151,dohc,six,161,mpfi,3.27,3.35,9.2,156.0,5200.0,19,24,15750.0,pesado,0.2639392284395015,Médio,médio
2,volkswagen,diesel,std,two,sedan,fwd,front,97.3,171.7,65.5,55.7,2261,ohc,four,97,idi,3.01,3.4,23.0,52.0,4800.0,37,46,7775.0,medio,0.06595998212601162,Baixo,leve
2,volkswagen,gas,std,two,sedan,fwd,front,97.3,171.7,65.5,55.7,2209,ohc,four,109,mpfi,3.19,3.4,9.0,85.0,5250.0,27,34,7975.0,medio,0.07092497889876372,Médio,leve
2,volkswagen,diesel,std,four,sedan,fwd,front,97.3,171.7,65.5,55.7,2264,ohc,four,97,idi,3.01,3.4,23.0,52.0,4800.0,37,46,7995.0,medio,0.07142147857603892,Médio,leve
2,volkswagen,gas,std,four,sedan,fwd,front,97.3,171.7,65.5,55.7,2212,ohc,four,109,mpfi,3.19,3.4,9.0,85.0,5250.0,27,34,8195.0,medio,0.07638647534879102,Médio,leve
2,volkswagen,gas,std,four,sedan,fwd,front,97.3,171.7,65.5,55.7,2275,ohc,four,109,mpfi,3.19,3.4,9.0,85.0,5250.0,27,34,8495.0,medio,0.08383397050791917,Médio,leve
2,volkswagen,diesel,turbo,four,sedan,fwd,front,97.3,171.7,65.5,55.7,2319,ohc,four,97,idi,3.01,3.4,23.0,68.0,4500.0,37,42,9495.0,medio,0.10865895437167966,Médio,leve
2,volkswagen,gas,std,four,sedan,fwd,front,97.3,171.7,65.5,55.7,2300,ohc,four,109,mpfi,3.19,3.4,10.0,100.0,5500.0,26,32,9995.0,medio,0.1210714463035599,Médio,leve
3,volkswagen,gas,std,two,convertible,fwd,front,94.5,159.3,64.2,55.6,2254,ohc,four,109,mpfi,3.19,3.4,8.5,90.0,5500.0,24,29,11595.0,medio,0.16079142048557668,Médio,leve
3,volkswagen,gas,std,two,hatchback,fwd,front,94.5,165.7,64.0,51.4,2221,ohc,four,109,mpfi,3.19,3.4,8.5,90.0,5500.0,24,29,9980.0,medio,0.1206990715456035,Médio,leve
0,volkswagen,gas,std,four,sedan,fwd,front,100.4,180.2,66.9,55.1,2661,ohc,five,136,mpfi,3.19,3.4,8.5,110.0,5500.0,19,24,13295.0,medio,0.2029938930539695,Médio,médio
0,volkswagen,diesel,turbo,four,sedan,fwd,front,100.4,180.2,66.9,55.1,2579,ohc,four,97,idi,3.01,3.4,23.0,68.0,4500.0,33,38,13845.0,medio,0.2166476341790378,Médio,médio
0,volkswagen,gas,std,four,wagon,fwd,front,100.4,183.1,66.9,55.1,2563,ohc,four,109,mpfi,3.19,3.4,9.0,88.0,5500.0,25,31,12290.0,medio,0.1780447842708902,Médio,médio
-2,volvo,gas,std,four,sedan,rwd,front,104.3,188.8,67.2,56.2,2912,ohc,four,141,mpfi,3.78,3.15,9.5,114.0,5400.0,23,28,12940.0,medio,0.19418102378233454,Médio,médio
-1,volvo,gas,std,four,wagon,rwd,front,104.3,188.8,67.2,57.5,3034,ohc,four,141,mpfi,3.78,3.15,9.5,114.0,5400.0,23,28,13415.0,pesado,0.20597289111762077,Médio,médio
-2,volvo,gas,std,four,sedan,rwd,front,104.3,188.8,67.2,56.2,2935,ohc,four,141,mpfi,3.78,3.15,9.5,114.0,5400.0,24,28,15985.0,medio,0.26977309964748525,Médio,médio
-1,volvo,gas,std,four,wagon,rwd,front,104.3,188.8,67.2,57.5,3042,ohc,four,141,mpfi,3.78,3.15,9.5,114.0,5400.0,24,28,16515.0,pesado,0.2829303410952783,Alto,médio
-2,volvo,gas,turbo,four,sedan,rwd,front,104.3,188.8,67.2,56.2,3045,ohc,four,130,mpfi,3.62,3.15,7.5,162.0,5100.0,17,22,18420.0,pesado,0.330221935355742,Alto,médio
-1,volvo,gas,turbo,four,wagon,rwd,front,104.3,188.8,67.2,57.5,3157,ohc,four,130,mpfi,3.62,3.15,7.5,162.0,5100.0,17,22,18950.0,pesado,0.3433791768035351,Alto,médio
-1,volvo,gas,std,four,sedan,rwd,front,109.1,188.8,68.9,55.5,2952,ohc,four,141,mpfi,3.78,3.15,9.5,114.0,5400.0,23,28,16845.0,pesado,0.29112258577031924,Alto,médio
-1,volvo,gas,turbo,four,sedan,rwd,front,109.1,188.8,68.8,55.5,3049,ohc,four,141,mpfi,3.78,3.15,8.7,160.0,5300.0,19,25,19045.0,pesado,0.34573755027059233,Alto,médio
-1,volvo,gas,std,four,sedan,rwd,front,109.1,188.8,68.9,55.5,3012,ohcv,six,173,mpfi,3.58,2.87,8.8,134.0,5500.0,18,23,21485.0,pesado,0.40631051089816794,Alto,médio
-1,volvo,diesel,turbo,four,sedan,rwd,front,109.1,188.8,68.9,55.5,3217,ohc,six,145,idi,3.01,3.4,23.0,106.0,4800.0,26,27,22470.0,pesado,0.430763120003972,Alto,pesado
-1,volvo,gas,turbo,four,sedan,rwd,front,109.1,188.8,68.9,55.5,3062,ohc,four,141,mpfi,3.78,3.15,9.5,114.0,5400.0,19,25,22625.0,pesado,0.4346109925028549,Alto,médio
